<?xml version="1.0" encoding="utf-8"?><feed xmlns="http://www.w3.org/2005/Atom" ><generator uri="https://jekyllrb.com/" version="4.3.3">Jekyll</generator><link href="https://piazzai.github.io/cvless/atom.xml" rel="self" type="application/atom+xml" /><link href="https://piazzai.github.io/cvless/" rel="alternate" type="text/html" /><updated>2024-01-22T11:22:36+01:00</updated><id>https://piazzai.github.io/cvless/atom.xml</id><title type="html">cvless</title><subtitle>Jekyll theme for a beautiful online CV</subtitle><author><name>Place Holder</name><email>username@domain.com</email></author><entry><title type="html">What Jekyll is</title><link href="https://piazzai.github.io/cvless/2022/09/01/whats-jekyll/" rel="alternate" type="text/html" title="What Jekyll is" /><published>2022-09-01T00:00:00+02:00</published><updated>2022-09-01T00:00:00+02:00</updated><id>https://piazzai.github.io/cvless/2022/09/01/whats-jekyll</id><content type="html" xml:base="https://piazzai.github.io/cvless/2022/09/01/whats-jekyll/"><![CDATA[<p><a href="https://jekyllrb.com">Jekyll</a> is a static site generator, an open-source tool for creating simple yet powerful websites of all shapes and sizes. From <a href="https://github.com/jekyll/jekyll/blob/master/README.markdown">the project’s readme</a>:</p>

<blockquote>
  <p>Jekyll is a simple, blog aware, static site generator. It takes a template directory […] and spits out a complete, static website suitable for serving with Apache or your favorite web server. This is also the engine behind GitHub Pages, which you can use to host your project’s page or blog right here from GitHub.</p>
</blockquote>

<p>It’s an immensely useful tool. Find out more on <a href="https://github.com/jekyll/jekyll">GitHub</a>.</p>]]></content><author><name>Place Holder</name><email>username@domain.com</email></author><summary type="html"><![CDATA[Jekyll is a static site generator, an open-source tool for creating simple yet powerful websites of all shapes and sizes. From the project’s readme:]]></summary></entry><entry><title type="html">Example content</title><link href="https://piazzai.github.io/cvless/2022/08/15/example-content/" rel="alternate" type="text/html" title="Example content" /><published>2022-08-15T00:00:00+02:00</published><updated>2022-08-15T00:00:00+02:00</updated><id>https://piazzai.github.io/cvless/2022/08/15/example-content</id><content type="html" xml:base="https://piazzai.github.io/cvless/2022/08/15/example-content/"><![CDATA[<p class="message"><strong>Howdy!</strong> This is an example blog post that shows several types of <abbr>html</abbr> content supported in this theme.</p>

<ul id="markdown-toc">
  <li><a href="#inline-html-elements" id="markdown-toc-inline-html-elements">Inline HTML elements</a></li>
  <li><a href="#footnotes" id="markdown-toc-footnotes">Footnotes</a></li>
  <li><a href="#heading" id="markdown-toc-heading">Heading</a>    <ul>
      <li><a href="#code" id="markdown-toc-code">Code</a></li>
      <li><a href="#gists-via-github-pages" id="markdown-toc-gists-via-github-pages">Gists via GitHub Pages</a></li>
      <li><a href="#lists" id="markdown-toc-lists">Lists</a></li>
      <li><a href="#images" id="markdown-toc-images">Images</a></li>
      <li><a href="#tables" id="markdown-toc-tables">Tables</a></li>
    </ul>
  </li>
</ul>

<p>Cum sociis natoque penatibus et magnis <a href="#">dis parturient montes</a>, nascetur ridiculus mus. <em>Aenean eu leo quam.</em> Pellentesque ornare sem lacinia quam venenatis vestibulum. Sed posuere consectetur est at lobortis. Cras mattis consectetur purus sit amet fermentum.</p>

<blockquote>
  <p>Curabitur blandit tempus porttitor. Nullam quis risus eget urna mollis ornare vel eu leo. Nullam id dolor id nibh ultricies vehicula ut id elit.</p>
</blockquote>

<p>Etiam porta <strong>sem malesuada magna</strong> mollis euismod. Cras mattis consectetur purus sit amet fermentum. Aenean lacinia bibendum nulla sed consectetur.</p>

<h2 id="inline-html-elements">Inline HTML elements</h2>

<p>HTML defines a long list of available inline tags, a complete list of which can be found on the <a href="https://developer.mozilla.org/en-US/docs/Web/HTML/Element">Mozilla Developer Network</a>.</p>

<ul>
  <li><strong>To bold text</strong>, use <code class="language-plaintext highlighter-rouge">&lt;strong&gt;</code>.</li>
  <li><em>To italicize text</em>, use <code class="language-plaintext highlighter-rouge">&lt;em&gt;</code>.</li>
  <li><mark>To highlight</mark>, use <code class="language-plaintext highlighter-rouge">&lt;mark&gt;</code>.</li>
  <li>Abbreviations, like <abbr title="HyperText Markup Langage">HTML</abbr>, should use <code class="language-plaintext highlighter-rouge">&lt;abbr&gt;</code> with an optional <code class="language-plaintext highlighter-rouge">title</code> attribute for the full phrase.</li>
  <li>Citations, like <cite>— Franz Kafka</cite>, should use <code class="language-plaintext highlighter-rouge">&lt;cite&gt;</code>.</li>
  <li><del>Deleted</del> text should use <code class="language-plaintext highlighter-rouge">&lt;del&gt;</code> and <ins>inserted</ins> text should use <code class="language-plaintext highlighter-rouge">&lt;ins&gt;</code>.</li>
  <li>Superscript <sup>text</sup> uses <code class="language-plaintext highlighter-rouge">&lt;sup&gt;</code> and subscript <sub>text</sub> uses <code class="language-plaintext highlighter-rouge">&lt;sub&gt;</code>.</li>
</ul>

<p>Most of these elements are styled by browsers with few modifications in the CSS of this theme.</p>

<h2 id="footnotes">Footnotes</h2>

<p>Footnotes are supported as part of the Markdown syntax. Here’s one in action. Clicking this number<sup id="fnref:fn-sample" role="doc-noteref"><a href="#fn:fn-sample" class="footnote" rel="footnote">1</a></sup> will lead you to a footnote. The syntax looks like:</p>

<figure class="highlight"><pre><code class="language-text" data-lang="text">Clicking this number[^fn-sample]</code></pre></figure>

<p>Each footnote needs the <code class="language-plaintext highlighter-rouge">^fn-</code> prefix and a unique ID to be referenced for the footnoted content. The syntax for that list looks like this:</p>

<figure class="highlight"><pre><code class="language-text" data-lang="text">[^fn-sample]: Handy! Now click the return link to go back.</code></pre></figure>

<p>You can place the footnoted content wherever you like. Markdown parsers should properly place it at the bottom of the page.</p>

<h2 id="heading">Heading</h2>

<p>This section shows hierarchical headings. Vivamus sagittis lacus vel augue rutrum faucibus dolor auctor. Duis mollis, est non commodo luctus, nisi erat porttitor ligula, eget lacinia odio sem nec elit. Morbi leo risus, porta ac consectetur ac, vestibulum at eros.</p>

<h3 id="code">Code</h3>

<p>Inline code is available with the <code class="language-plaintext highlighter-rouge">&lt;code&gt;</code> element. Snippets of multiple lines of code are supported through Rouge. Longer lines are displayed through horizontal scrolling. You may also use code fencing (triple backticks) for rendering code.</p>

<figure class="highlight"><pre><code class="language-js" data-lang="js"><span class="c1">// Example can be run directly in your JavaScript console</span>

<span class="c1">// Create a function that takes two arguments and returns the sum of those arguments</span>
<span class="kd">var</span> <span class="nx">adder</span> <span class="o">=</span> <span class="k">new</span> <span class="nc">Function</span><span class="p">(</span><span class="dl">"</span><span class="s2">a</span><span class="dl">"</span><span class="p">,</span> <span class="dl">"</span><span class="s2">b</span><span class="dl">"</span><span class="p">,</span> <span class="dl">"</span><span class="s2">return a + b</span><span class="dl">"</span><span class="p">);</span>

<span class="c1">// Call the function</span>
<span class="nf">adder</span><span class="p">(</span><span class="mi">2</span><span class="p">,</span> <span class="mi">6</span><span class="p">);</span>
<span class="c1">// &gt; 8</span></code></pre></figure>

<p>You may also optionally show code snippets with line numbers. Add <code class="language-plaintext highlighter-rouge">linenos</code> to the Rouge tags.</p>

<figure class="highlight"><pre><code class="language-js" data-lang="js"><table class="rouge-table"><tbody><tr><td class="gutter gl"><pre class="lineno">1
2
3
4
5
6
7
8
</pre></td><td class="code"><pre><span class="c1">// Example can be run directly in your JavaScript console</span>

<span class="c1">// Create a function that takes two arguments and returns the sum of those arguments</span>
<span class="kd">var</span> <span class="nx">adder</span> <span class="o">=</span> <span class="k">new</span> <span class="nc">Function</span><span class="p">(</span><span class="dl">"</span><span class="s2">a</span><span class="dl">"</span><span class="p">,</span> <span class="dl">"</span><span class="s2">b</span><span class="dl">"</span><span class="p">,</span> <span class="dl">"</span><span class="s2">return a + b</span><span class="dl">"</span><span class="p">);</span>

<span class="c1">// Call the function</span>
<span class="nf">adder</span><span class="p">(</span><span class="mi">2</span><span class="p">,</span> <span class="mi">6</span><span class="p">);</span>
<span class="c1">// &gt; 8</span>
</pre></td></tr></tbody></table></code></pre></figure>

<p>By default, the theme uses GitHub-themed syntax highlighting. The specifics are included in the syntax stylesheet, which is automatically generated by <code class="language-plaintext highlighter-rouge">rougify</code>.</p>

<p>Aenean lacinia bibendum nulla sed consectetur. Etiam porta sem malesuada magna mollis euismod. Fusce dapibus, tellus ac cursus commodo, tortor mauris condimentum nibh, ut fermentum massa.</p>

<h3 id="gists-via-github-pages">Gists via GitHub Pages</h3>

<p>Vestibulum id ligula porta felis euismod semper. Nullam quis risus eget urna mollis ornare vel eu leo. Donec sed odio dui.</p>

<noscript><pre>400: Invalid request</pre></noscript>
<script src="https://gist.github.com/8395a3dbdca0e34d55cfed5d96ea2f14.js?file=cvless-example.html"> </script>

<p>Aenean eu leo quam. Pellentesque ornare sem lacinia quam venenatis vestibulum. Nullam quis risus eget urna mollis ornare vel eu leo. Cum sociis natoque penatibus et magnis dis parturient montes, nascetur ridiculus mus. Donec sed odio dui. Vestibulum id ligula porta felis euismod semper.</p>

<h3 id="lists">Lists</h3>

<p>Cum sociis natoque penatibus et magnis dis parturient montes, nascetur ridiculus mus. Aenean lacinia bibendum nulla sed consectetur. Etiam porta sem malesuada magna mollis euismod. Fusce dapibus, tellus ac cursus commodo, tortor mauris condimentum nibh, ut fermentum massa justo sit amet risus.</p>

<ul>
  <li>Praesent commodo cursus magna, vel scelerisque nisl consectetur et.</li>
  <li>Donec id elit non mi porta gravida at eget metus.</li>
  <li>Nulla vitae elit libero, a pharetra augue.</li>
</ul>

<p>Donec ullamcorper nulla non metus auctor fringilla. Nulla vitae elit libero, a pharetra augue.</p>

<ol>
  <li>Vestibulum id ligula porta felis euismod semper.</li>
  <li>Cum sociis natoque penatibus et magnis dis parturient montes, nascetur ridiculus mus.</li>
  <li>Maecenas sed diam eget risus varius blandit sit amet non magna.</li>
</ol>

<p>Cras mattis consectetur purus sit amet fermentum. Sed posuere consectetur est at lobortis.</p>

<dl>
  <dt>HyperText Markup Language (HTML)</dt>
  <dd>The language used to describe and define the content of a Web page</dd>

  <dt>Cascading Style Sheets (CSS)</dt>
  <dd>Used to describe the appearance of Web content</dd>

  <dt>JavaScript (JS)</dt>
  <dd>The programming language used to build advanced Web sites and applications</dd>
</dl>

<p>Integer posuere erat a ante venenatis dapibus posuere velit aliquet. Morbi leo risus, porta ac consectetur ac, vestibulum at eros. Nullam quis risus eget urna mollis ornare vel eu leo.</p>

<h3 id="images">Images</h3>

<p>Quisque consequat sapien eget quam rhoncus, sit amet laoreet diam tempus. Aliquam aliquam metus erat, a pulvinar turpis suscipit at.</p>

<p><img src="https://via.placeholder.com/800x400" alt="placeholder" title="Large example image" />
<img src="https://via.placeholder.com/400x200" alt="placeholder" title="Medium example image" />
<img src="https://via.placeholder.com/200x200" alt="placeholder" title="Small example image" /></p>

<h3 id="tables">Tables</h3>

<p>Aenean lacinia bibendum nulla sed consectetur. Lorem ipsum dolor sit amet, consectetur adipiscing elit.</p>

<table class="table">
  <thead>
    <tr>
      <th>Name</th>
      <th>Upvotes</th>
      <th>Downvotes</th>
    </tr>
  </thead>
  <tfoot>
    <tr>
      <td>Totals</td>
      <td>21</td>
      <td>23</td>
    </tr>
  </tfoot>
  <tbody>
    <tr>
      <td>Alice</td>
      <td>10</td>
      <td>11</td>
    </tr>
    <tr>
      <td>Bob</td>
      <td>4</td>
      <td>3</td>
    </tr>
    <tr>
      <td>Charlie</td>
      <td>7</td>
      <td>9</td>
    </tr>
  </tbody>
</table>

<p>Nullam id dolor id nibh ultricies vehicula ut id elit. Sed posuere consectetur est at lobortis. Nullam quis risus eget urna mollis ornare vel eu leo. This concludes the post.</p>

<hr />

<p>Want to see something else added? <a href="https://github.com/piazzai/cvless/issues/new">Open an issue.</a></p>

<div class="footnotes" role="doc-endnotes">
  <ol>
    <li id="fn:fn-sample" role="doc-endnote">
      <p>Handy! Now click the return link to go back. <a href="#fnref:fn-sample" class="reversefootnote" role="doc-backlink">&#8617;</a></p>
    </li>
  </ol>
</div>]]></content><author><name>Place Holder</name><email>username@domain.com</email></author><summary type="html"><![CDATA[Howdy! This is an example blog post that shows several types of html content supported in this theme.]]></summary></entry><entry><title type="html">On the use of icons</title><link href="https://piazzai.github.io/cvless/2022/08/01/on-the-use-of-icons/" rel="alternate" type="text/html" title="On the use of icons" /><published>2022-08-01T00:00:00+02:00</published><updated>2022-08-01T00:00:00+02:00</updated><id>https://piazzai.github.io/cvless/2022/08/01/on-the-use-of-icons</id><content type="html" xml:base="https://piazzai.github.io/cvless/2022/08/01/on-the-use-of-icons/"><![CDATA[<p>The icons used throughout this theme are partly custom-made, and partly come from the <a href="https://iconoir.com/">Iconoir</a> library. More can be created or downloaded from the Iconoir website as svg files, and saved in <code class="language-plaintext highlighter-rouge">assets/svg</code> for use in your website.</p>

<p>Here’s an overview of icons that already ship with the theme.</p>

<table class="table">
  <thead>
    <tr>
      <th>Category</th>
      <th>Icons</th>
    </tr>
  </thead>
  <tbody>
    <tr>
      <td>Navigation</td>
      <td><svg width="24px" height="24px" stroke-width="1.5" viewBox="0 0 24 24" fill="none" xmlns="http://www.w3.org/2000/svg" color="#000000"><path d="M16 12H8m0 0l3.5 3.5M8 12l3.5-3.5M12 22c5.523 0 10-4.477 10-10S17.523 2 12 2 2 6.477 2 12s4.477 10 10 10z" stroke="#000000" stroke-width="1.5" stroke-linecap="round" stroke-linejoin="round"></path></svg>
 <svg width="24px" height="24px" stroke-width="1.5" viewBox="0 0 24 24" fill="none" xmlns="http://www.w3.org/2000/svg" color="#000000"><path d="M8 12h8m0 0l-3.5-3.5M16 12l-3.5 3.5M12 22c5.523 0 10-4.477 10-10S17.523 2 12 2 2 6.477 2 12s4.477 10 10 10z" stroke="#000000" stroke-width="1.5" stroke-linecap="round" stroke-linejoin="round"></path></svg>
 <svg width="24px" height="24px" stroke-width="1.5" viewBox="0 0 24 24" fill="none" xmlns="http://www.w3.org/2000/svg" color="#000000"><path d="M15 6l-6 6 6 6" stroke="#000000" stroke-width="1.5" stroke-linecap="round" stroke-linejoin="round"></path></svg>
 <svg width="24px" height="24px" stroke-width="1.5" viewBox="0 0 24 24" fill="none" xmlns="http://www.w3.org/2000/svg" color="#000000"><path d="M9 6l6 6-6 6" stroke="#000000" stroke-width="1.5" stroke-linecap="round" stroke-linejoin="round"></path></svg>
 <svg width="24px" height="24px" stroke-width="1.5" viewBox="0 0 24 24" fill="none" xmlns="http://www.w3.org/2000/svg" color="#000000"><path d="M6 9l6 6 6-6" stroke="#000000" stroke-width="1.5" stroke-linecap="round" stroke-linejoin="round"></path></svg>
</td>
    </tr>
    <tr>
      <td>Actions</td>
      <td><svg width="24px" height="24px" stroke-width="1.5" viewBox="0 0 24 24" fill="none" xmlns="http://www.w3.org/2000/svg" color="#000000"><path d="M9 17h6M12 6v7m0 0l3.5-3.5M12 13L8.5 9.5M12 22c5.523 0 10-4.477 10-10S17.523 2 12 2 2 6.477 2 12s4.477 10 10 10z" stroke="#000000" stroke-width="1.5" stroke-linecap="round" stroke-linejoin="round"></path></svg>
 <svg width="24px" height="24px" stroke-width="1.5" viewBox="0 0 24 24" fill="none" xmlns="http://www.w3.org/2000/svg" color="#000000"><path d="M6 18h12M12 6v8m0 0l3.5-3.5M12 14l-3.5-3.5" stroke="#000000" stroke-width="1.5" stroke-linecap="round" stroke-linejoin="round"></path><path d="M3 20.4V3.6a.6.6 0 01.6-.6h16.8a.6.6 0 01.6.6v16.8a.6.6 0 01-.6.6H3.6a.6.6 0 01-.6-.6z" stroke="#000000" stroke-width="1.5"></path></svg>
 <svg width="24px" height="24px" stroke-width="1.5" viewBox="0 0 24 24" fill="none" xmlns="http://www.w3.org/2000/svg" color="#000000"><path d="M8 21h12.4a.6.6 0 00.6-.6V3.6a.6.6 0 00-.6-.6H3.6a.6.6 0 00-.6.6V16M10 6h8M6 6h1M3.5 20.5L12 12m0 0v4m0-4H8" stroke="#000000" stroke-width="1.5" stroke-linecap="round" stroke-linejoin="round"></path></svg>
 <svg width="24px" height="24px" stroke-width="1.5" viewBox="0 0 24 24" fill="none" xmlns="http://www.w3.org/2000/svg" color="#000000"><path d="M8 21h12.4a.6.6 0 00.6-.6V3.6a.6.6 0 00-.6-.6H3.6a.6.6 0 00-.6.6V16M3.5 20.5L12 12m0 0v4m0-4H8" stroke="#000000" stroke-width="1.5" stroke-linecap="round" stroke-linejoin="round"></path></svg>
 <svg width="24px" height="24px" viewBox="0 0 24 24" stroke-width="1.5" fill="none" xmlns="http://www.w3.org/2000/svg" color="#000000"><path d="M21 3h-6m6 0l-9 9m9-9v6" stroke="#000000" stroke-width="1.5" stroke-linecap="round" stroke-linejoin="round"></path><path d="M21 13v6a2 2 0 01-2 2H5a2 2 0 01-2-2V5a2 2 0 012-2h6" stroke="#000000" stroke-width="1.5" stroke-linecap="round"></path></svg>
</td>
    </tr>
    <tr>
      <td>Communication</td>
      <td><svg width="24px" height="24px" stroke-width="1.5" viewBox="0 0 24 24" fill="none" xmlns="http://www.w3.org/2000/svg" color="#000000"><path d="M18.118 14.702L14 15.5c-2.782-1.396-4.5-3-5.5-5.5l.77-4.13L7.815 2H4.064c-1.128 0-2.016.932-1.847 2.047.42 2.783 1.66 7.83 5.283 11.453 3.805 3.805 9.286 5.456 12.302 6.113 1.165.253 2.198-.655 2.198-1.848v-3.584l-3.882-1.479z" stroke="#000000" stroke-width="1.5" stroke-linecap="round" stroke-linejoin="round"></path></svg>
 <svg width="24px" height="24px" stroke-width="1.5" viewBox="0 0 24 24" fill="none" xmlns="http://www.w3.org/2000/svg" color="#000000"><path d="M7 9l5 3.5L17 9" stroke="#000000" stroke-width="1.5" stroke-linecap="round" stroke-linejoin="round"></path><path d="M2 17V7a2 2 0 012-2h16a2 2 0 012 2v10a2 2 0 01-2 2H4a2 2 0 01-2-2z" stroke="#000000" stroke-width="1.5"></path></svg>
 <svg width="24px" height="24px" stroke-width="1.5" viewBox="0 0 24 24" fill="none" xmlns="http://www.w3.org/2000/svg" color="#000000"><path d="M22 12c0-5.523-4.477-10-10-10S2 6.477 2 12s4.477 10 10 10M13 2.05S16 6 16 12" stroke="#000000" stroke-width="1.5" stroke-linecap="round" stroke-linejoin="round"></path><path d="M11 21.95S8 18 8 12c0-6 3-9.95 3-9.95M2.63 15.5H12M2.63 8.5h18.74" stroke="#000000" stroke-width="1.5" stroke-linecap="round" stroke-linejoin="round"></path><path clip-rule="evenodd" d="M21.879 17.917c.494.304.463 1.043-.045 1.101l-2.567.291-1.151 2.312c-.228.459-.933.234-1.05-.334l-1.255-6.116c-.099-.48.333-.782.75-.525l5.318 3.271z" stroke="#000000" stroke-width="1.5"></path></svg>
 <svg width="24px" height="24px" stroke-width="1.5" viewBox="0 0 24 24" fill="none" xmlns="http://www.w3.org/2000/svg" color="#000000"><path d="M12 22c5.523 0 10-4.477 10-10S17.523 2 12 2 2 6.477 2 12s4.477 10 10 10z" stroke="#000000" stroke-width="1.5" stroke-linecap="round" stroke-linejoin="round"></path><path d="M 9.7311762,9.9546413 12.799215,12 15.867253,9.9546413 M 5.6404582,13.022679 H 7.0040309 M 4.2768855,10.97732 h 2.7271454" stroke="#000000" stroke-width="1.02268" stroke-linecap="round" stroke-linejoin="round"></path><path d="M 7.0040309,8.9319615 V 8.5910684 A 1.3635727,1.3635727 0 0 1 8.3676036,7.2274957 h 8.8632224 a 1.3635727,1.3635727 0 0 1 1.363573,1.3635727 v 6.8178626 a 1.3635727,1.3635727 0 0 1 -1.363573,1.363573 H 8.3676036 A 1.3635727,1.3635727 0 0 1 7.0040309,15.408931 v -0.340893" stroke="#000000" stroke-width="1.02268" stroke-linecap="round"></path></svg>
</td>
    </tr>
    <tr>
      <td>Maps</td>
      <td><svg width="24px" height="24px" stroke-width="1.5" viewBox="0 0 24 24" fill="none" xmlns="http://www.w3.org/2000/svg" color="#000000"><path d="M20 10c0 4.418-8 12-8 12s-8-7.582-8-12a8 8 0 1116 0z" stroke="#000000" stroke-width="1.5"></path><path d="M12 11a1 1 0 100-2 1 1 0 000 2z" fill="#000000" stroke="#000000" stroke-width="1.5" stroke-linecap="round" stroke-linejoin="round"></path></svg>
</td>
    </tr>
    <tr>
      <td>Social</td>
      <td><svg width="24px" height="24px" stroke-width="1.5" viewBox="0 0 24 24" fill="none" xmlns="http://www.w3.org/2000/svg" color="#000000"><path d="M17 2h-3a5 5 0 00-5 5v3H6v4h3v8h4v-8h3l1-4h-4V7a1 1 0 011-1h3V2z" stroke="#000000" stroke-width="1.5" stroke-linecap="round" stroke-linejoin="round"></path></svg>
 <svg width="24px" height="24px" stroke-width="1.5" viewBox="0 0 24 24" fill="none" xmlns="http://www.w3.org/2000/svg" color="#000000"><path d="M23 3.01s-2.018 1.192-3.14 1.53a4.48 4.48 0 00-7.86 3v1a10.66 10.66 0 01-9-4.53s-4 9 5 13a11.64 11.64 0 01-7 2c9 5 20 0 20-11.5 0-.278-.028-.556-.08-.83C21.94 5.674 23 3.01 23 3.01z" stroke="#000000" stroke-width="1.5" stroke-linecap="round" stroke-linejoin="round"></path></svg>
 <svg width="24px" height="24px" stroke-width="1.5" viewBox="0 0 24 24" fill="none" xmlns="http://www.w3.org/2000/svg" color="#000000"><path d="M12 16a4 4 0 100-8 4 4 0 000 8z" stroke="#000000" stroke-width="1.5" stroke-linecap="round" stroke-linejoin="round"></path><path d="M3 16V8a5 5 0 015-5h8a5 5 0 015 5v8a5 5 0 01-5 5H8a5 5 0 01-5-5z" stroke="#000000" stroke-width="1.5"></path><path d="M17.5 6.51l.01-.011" stroke="#000000" stroke-width="1.5" stroke-linecap="round" stroke-linejoin="round"></path></svg>
 <svg width="24px" height="24px" stroke-width="1.5" viewBox="0 0 24 24" fill="none" xmlns="http://www.w3.org/2000/svg" color="#000000"><path d="M21 8v8a5 5 0 01-5 5H8a5 5 0 01-5-5V8a5 5 0 015-5h8a5 5 0 015 5zM7 17v-7" stroke="#000000" stroke-width="1.5" stroke-linecap="round" stroke-linejoin="round"></path><path d="M11 17v-3.25M11 10v3.75m0 0c0-3.75 6-3.75 6 0V17M7 7.01l.01-.011" stroke="#000000" stroke-width="1.5" stroke-linecap="round" stroke-linejoin="round"></path></svg>
 <svg width="24px" height="24px" viewBox="0 0 24 24" stroke-width="1.5" fill="none" xmlns="http://www.w3.org/2000/svg" color="#000000"><path d="M19 15v6H5v-6M16 17H8M15.913 14.663L8.087 13M16.713 12.38L9.463 9M18.173 10.642L12.044 5.5M20.034 8.804L15.109 2.5" stroke="#000000" stroke-width="1.5" stroke-linecap="round" stroke-linejoin="round"></path></svg>
 <svg width="24px" height="24px" stroke-width="1.5" viewBox="0 0 24 24" fill="none" xmlns="http://www.w3.org/2000/svg" color="#000000"><path d="M15.547 8.303A5.148 5.148 0 0012.11 7C9.287 7 7 9.239 7 12s2.287 5 5.109 5c3.47 0 4.751-2.57 4.891-4.583h-4.159" stroke="#000000" stroke-width="1.5"></path><path d="M12 22c5.523 0 10-4.477 10-10S17.523 2 12 2 2 6.477 2 12s4.477 10 10 10z" stroke="#000000" stroke-width="1.5" stroke-linecap="round" stroke-linejoin="round"></path></svg>
</td>
    </tr>
    <tr>
      <td>Git</td>
      <td><svg width="24px" height="24px" stroke-width="1.5" viewBox="0 0 24 24" fill="none" xmlns="http://www.w3.org/2000/svg" color="#000000"><path d="M16 22.027v-2.87a3.37 3.37 0 00-.94-2.61c3.14-.35 6.44-1.54 6.44-7a5.44 5.44 0 00-1.5-3.75 5.07 5.07 0 00-.09-3.77s-1.18-.35-3.91 1.48a13.38 13.38 0 00-7 0c-2.73-1.83-3.91-1.48-3.91-1.48A5.07 5.07 0 005 5.797a5.44 5.44 0 00-1.5 3.78c0 5.42 3.3 6.61 6.44 7a3.37 3.37 0 00-.94 2.58v2.87M9 20.027c-3 .973-5.5 0-7-3" stroke="#000000" stroke-width="1.5" stroke-linecap="round" stroke-linejoin="round"></path></svg>
 <svg width="24px" height="24px" stroke-width="1.5" viewBox="0 0 24 24" fill="none" xmlns="http://www.w3.org/2000/svg" color="#000000"><path d="M12 22c5.523 0 10-4.477 10-10S17.523 2 12 2 2 6.477 2 12s4.477 10 10 10z" stroke="#000000" stroke-width="1.5" stroke-linecap="round" stroke-linejoin="round"></path><path d="M14.333 19v-1.863c.025-.31-.018-.62-.126-.913a2.18 2.18 0 00-.5-.781c2.093-.227 4.293-1 4.293-4.544 0-.906-.358-1.778-1-2.434a3.211 3.211 0 00-.06-2.448s-.787-.227-2.607.961a9.152 9.152 0 00-4.666 0c-1.82-1.188-2.607-.96-2.607-.96A3.211 3.211 0 007 8.464a3.482 3.482 0 00-1 2.453c0 3.519 2.2 4.291 4.293 4.544a2.18 2.18 0 00-.496.773 2.134 2.134 0 00-.13.902V19M9.667 17.702c-2 .631-3.667 0-4.667-1.948" stroke="#000000" stroke-width="1.5" stroke-linecap="round" stroke-linejoin="round"></path></svg>
</td>
    </tr>
    <tr>
      <td>Security</td>
      <td><svg width="24px" height="24px" stroke-width="1.5" viewBox="0 0 24 24" fill="none" xmlns="http://www.w3.org/2000/svg" color="#000000"><path d="m 10.65875,12 a 2.6825,2.6825 0 1 1 -5.365,0 2.6825,2.6825 0 0 1 5.365,0 z m 0,0 h 8.0475 v 2.011875 M 16.02375,12 v 2.011875" stroke="#000000" stroke-width="1.5" stroke-linecap="round" stroke-linejoin="round"></path><path d="M 12,22 C 17.523,22 22,17.523 22,12 22,6.477 17.523,2 12,2 6.4770002,2 1.9999998,6.477 1.9999998,12 1.9999998,17.523 6.4770002,22 12,22 Z" stroke="#000000" stroke-width="1.5" stroke-linecap="round" stroke-linejoin="round"></path></svg>
</td>
    </tr>
    <tr>
      <td>Users</td>
      <td><svg width="24px" height="24px" stroke-width="1.5" viewBox="0 0 24 24" fill="none" xmlns="http://www.w3.org/2000/svg" color="#000000"><path d="M7 18v-1a5 5 0 015-5v0a5 5 0 015 5v1" stroke="#000000" stroke-width="1.5" stroke-linecap="round"></path><path d="M12 12a3 3 0 100-6 3 3 0 000 6z" stroke="#000000" stroke-width="1.5" stroke-linecap="round" stroke-linejoin="round"></path><circle cx="12" cy="12" r="10" stroke="#000000" stroke-width="1.5"></circle></svg>
</td>
    </tr>
    <tr>
      <td>CV</td>
      <td><svg width="24px" height="24px" stroke-width="1.5" viewBox="0 0 24 24" fill="none" color="#000000"><path d="M12 22c5.523 0 10-4.477 10-10S17.523 2 12 2 2 6.477 2 12s4.477 10 10 10z" stroke="#000000" stroke-width="1.5" stroke-linecap="round" stroke-linejoin="round" /><path d="m 10.743752,9.2133219 c 0,0 -4.5125702,-1.1966648 -4.5125705,2.7561791 -3e-7,4.258147 4.5640215,2.715661 4.5640215,2.715661" stroke="#000000" stroke-width="1.5" stroke-linecap="round" stroke-linejoin="round" /><path d="m 12.449181,9.1023598 c 0,0 2.137936,5.8060432 2.686032,5.8060432 0.511982,0 2.633605,-5.7961624 2.633605,-5.7961624" stroke="#000000" stroke-width="1.5" stroke-linecap="round" stroke-linejoin="round" /></svg>
</td>
    </tr>
    <tr>
      <td>Academic</td>
      <td><svg width="24px" height="24px" stroke-width="1.5" viewBox="0 0 24 24" fill="none" xmlns="http://www.w3.org/2000/svg" color="#000000"><path d="M12 22c5.523 0 10-4.477 10-10S17.523 2 12 2 2 6.477 2 12s4.477 10 10 10z" stroke="#000000" stroke-width="1.5" stroke-linecap="round" stroke-linejoin="round"></path><path d="M 7.8763327,16.222994 V 8.7429329 Z" stroke="#000000" stroke-width="1.5" stroke-linecap="round" stroke-linejoin="round"></path><path d="m 11.132614,8.7423752 v 7.4803878 h 2.838065 c 2.125861,0.06783 4.039396,-1.453986 4.020787,-3.718707 -0.01927,-2.343704 -1.749172,-3.772333 -4.158006,-3.772333 z" stroke="#000000" stroke-width="1.5" stroke-linecap="round" stroke-linejoin="round"></path><path d="m 7.8763748,6.3814588 -8.42e-5,0.1064568 z" stroke="#000000" stroke-width="1.5" stroke-linecap="round" stroke-linejoin="round"></path></svg>
 <svg width="24px" height="24px" stroke-width="1.5" viewBox="0 0 24 24" fill="none" xmlns="http://www.w3.org/2000/svg" color="#000000"><path d="M12 22c5.523 0 10-4.477 10-10S17.523 2 12 2 2 6.477 2 12s4.477 10 10 10z" stroke="#000000" stroke-width="1.5" stroke-linecap="round" stroke-linejoin="round"></path><path d="m 8.4211827,8.1990965 c 0,0 -1.1246946,3.6515105 0.066765,7.7412915" stroke="#000000" stroke-width="1.5" stroke-linecap="round" stroke-linejoin="round"></path><path d="m 16.925026,11.006029 c 0,0 -2.422701,-2.954486 -6.49009,-4.2202823" stroke="#000000" stroke-width="1.5" stroke-linecap="round" troke-linejoin="round"></path><path d="m 10.318311,17.235419 c 0,0 3.695901,-0.968911 6.543416,-4.13712" stroke="#000000" stroke-width="1.5" stroke-linecap="round" stroke-linejoin="round"></path></svg>
 <svg width="24px" height="24px" stroke-width="1.5" viewBox="0 0 24 24" fill="none" xmlns="http://www.w3.org/2000/svg" color="#000000"><path d="M12 22c5.523 0 10-4.477 10-10S17.523 2 12 2 2 6.477 2 12s4.477 10 10 10z" stroke="#000000" stroke-width="1.5" stroke-linecap="round" stroke-linejoin="round"></path><path d="m 6.5821609,15.224947 c 1.6250214,0.779962 3.4727501,0.17243 3.4704571,-1.383108 C 10.06372,12.031003 6.2565163,11.977395 6.6984136,9.7723719 7.4460867,7.541128 9.9513196,8.7730583 9.9513196,8.7730583" stroke="#000000" stroke-width="1.5" stroke-linecap="round" stroke-linejoin="round"></path><path d="m 17.268242,8.8549081 c 0,0 -5.163441,-1.2313444 -5.123719,3.1952179 0.03902,4.347022 5.273316,3.106801 5.273316,3.106801" stroke="#000000" stroke-width="1.5" stroke-linecap="round" stroke-linejoin="round"></path></svg>
</td>
    </tr>
    <tr>
      <td>Chess</td>
      <td><svg width="24px" height="24px" stroke-width="1.5" viewBox="0 0 24 24" fill="none" xmlns="http://www.w3.org/2000/svg" color="#000000"><path d="M12 22c5.523 0 10-4.477 10-10S17.523 2 12 2 2 6.477 2 12s4.477 10 10 10z" stroke="#000000" stroke-width="1.5" stroke-linecap="round" stroke-linejoin="round"></path><path d="m 10.9571,8.8402603 c 0.11431,2.7038257 2.798255,3.0645557 4.480148,4.7170917 0.726816,0.728975 1.188734,1.129834 1.410111,1.702892 0.221376,0.573061 1.462314,-0.442363 1.704629,-0.782801 0.242316,-0.340437 0.459965,-0.817816 0.411351,-1.207708 -0.04861,-0.389893 -3.692825,-6.4115628 -3.692825,-6.4115628 l 0.346797,-1.870523 c 0,0 -0.576444,0.093028 -1.185611,0.3262455 -0.669564,0.2563406 -1.30528,0.6306111 -1.30528,0.6306111 -3.8837588,-0.7806282 -8.0987515,1.6115714 -8.0987515,5.8443532 0,4.872342 3.8557378,7.210331 6.7146625,7.223481 2.69079,0 3.905406,-0.842829 4.683296,-1.734187" stroke="#000000" stroke-width="1.5" stroke-linecap="round" stroke-linejoin="round"></path></svg>
</td>
    </tr>
  </tbody>
</table>

<p>They can be used in two ways through Liquid tags. First, as simple glyphs for decorative purposes, as in the table above or in the <a href="/cv">contact</a> section of the CV:</p>

<figure class="highlight"><pre><code class="language-text" data-lang="text">{% include svg/github.svg %}</code></pre></figure>

<p>Second, as links:</p>

<figure class="highlight"><pre><code class="language-text" data-lang="text">{% include iconlink.html icon="svg/github.svg" href="https://github.com/" %}</code></pre></figure>

<p>In this case, the icon shows up with link formatting and its stroke width slightly increases on hovering. Here is an example: <a class="iconlink" href="https://github.com/"><svg width="24px" height="24px" stroke-width="1.5" viewBox="0 0 24 24" fill="none" xmlns="http://www.w3.org/2000/svg" color="#000000"><path d="M16 22.027v-2.87a3.37 3.37 0 00-.94-2.61c3.14-.35 6.44-1.54 6.44-7a5.44 5.44 0 00-1.5-3.75 5.07 5.07 0 00-.09-3.77s-1.18-.35-3.91 1.48a13.38 13.38 0 00-7 0c-2.73-1.83-3.91-1.48-3.91-1.48A5.07 5.07 0 005 5.797a5.44 5.44 0 00-1.5 3.78c0 5.42 3.3 6.61 6.44 7a3.37 3.37 0 00-.94 2.58v2.87M9 20.027c-3 .973-5.5 0-7-3" stroke="#000000" stroke-width="1.5" stroke-linecap="round" stroke-linejoin="round"></path></svg>
</a></p>

<p>Simple CSS allows you to modify many aspects of the icon’s appearance, including stroke width, color (with the <code class="language-plaintext highlighter-rouge">stroke</code> property), and size (with <code class="language-plaintext highlighter-rouge">transform</code>). Here is a usage example:</p>

<figure class="highlight"><pre><code class="language-css" data-lang="css"><span class="nt">svg</span> <span class="p">{</span>
  <span class="c">/* 250% of its original size */</span>
  <span class="nl">transform</span><span class="p">:</span> <span class="n">scale</span><span class="p">(</span><span class="m">2.5</span><span class="p">);</span>
  <span class="p">}</span>
<span class="nt">svg</span> <span class="nt">path</span> <span class="p">{</span>
    <span class="c">/* red color */</span>
    <span class="py">stroke</span><span class="p">:</span> <span class="no">red</span><span class="p">;</span>
    <span class="c">/* thinner line */</span>
    <span class="py">stroke-width</span><span class="p">:</span> <span class="m">1.25</span><span class="p">;</span>
  <span class="p">}</span></code></pre></figure>

<h2 id="note">Note</h2>

<p>Each icon available from Iconoir is essentially a text file:</p>

<figure class="highlight"><pre><code class="language-text" data-lang="text">&lt;?xml version="1.0" encoding="UTF-8"?&gt;&lt;svg width="24px" height="24px" stroke-width="1.5" viewBox="0 0 24 24" fill="none" xmlns="http://www.w3.org/2000/svg" color="#000000"&gt;&lt;path d="M16 22.027v-2.87a3.37 3.37 0 00-.94-2.61c3.14-.35 6.44-1.54 6.44-7a5.44 5.44 0 00-1.5-3.75 5.07 5.07 0 00-.09-3.77s-1.18-.35-3.91 1.48a13.38 13.38 0 00-7 0c-2.73-1.83-3.91-1.48-3.91-1.48A5.07 5.07 0 005 5.797a5.44 5.44 0 00-1.5 3.78c0 5.42 3.3 6.61 6.44 7a3.37 3.37 0 00-.94 2.58v2.87M9 20.027c-3 .973-5.5 0-7-3" stroke="#000000" stroke-width="1.5" stroke-linecap="round" stroke-linejoin="round"&gt;&lt;/path&gt;&lt;/svg&gt;</code></pre></figure>

<p>The <code class="language-plaintext highlighter-rouge">&lt;?...?&gt;</code> tag at the beginning is useful for apps but not for a Jekyll website, and will sometimes show up as a string of text, so it needs to be deleted. This has already been done for the default icons, but remember to do it also for every additional icon you download.</p>]]></content><author><name>Place Holder</name><email>username@domain.com</email></author><summary type="html"><![CDATA[The icons used throughout this theme are partly custom-made, and partly come from the Iconoir library. More can be created or downloaded from the Iconoir website as svg files, and saved in assets/svg for use in your website.]]></summary></entry></feed>